<?xml version="1.0" encoding="UTF-8"?>
<export version="E">
  <design>
    <source>C:\Users\simon\random_code\_projects\laser_projector\pcb\kicad\pcb.kicad_sch</source>
    <date>02/10/2022 14:52:29</date>
    <tool>Eeschema (6.0.5)</tool>
    <sheet number="1" name="/" tstamps="/">
      <title_block>
        <title/>
        <company/>
        <rev/>
        <date/>
        <source>pcb.kicad_sch</source>
        <comment number="1" value=""/>
        <comment number="2" value=""/>
        <comment number="3" value=""/>
        <comment number="4" value=""/>
        <comment number="5" value=""/>
        <comment number="6" value=""/>
        <comment number="7" value=""/>
        <comment number="8" value=""/>
        <comment number="9" value=""/>
      </title_block>
    </sheet>
  </design>
  <components>
    <comp ref="buttons1">
      <value>Conn_01x04_Male</value>
      <footprint>Connector_PinHeader_2.54mm:PinHeader_1x04_P2.54mm_Horizontal</footprint>
      <libsource lib="Connector" part="Conn_01x04_Male" description="Generic connector, single row, 01x04, script generated (kicad-library-utils/schlib/autogen/connector/)"/>
      <property name="Sheetname" value=""/>
      <property name="Sheetfile" value="pcb.kicad_sch"/>
      <sheetpath names="/" tstamps="/"/>
      <tstamps>00000000-0000-0000-0000-000063377b46</tstamps>
    </comp>
    <comp ref="galX1">
      <value>Conn_01x03_Male</value>
      <footprint>Connector_PinHeader_2.54mm:PinHeader_1x03_P2.54mm_Horizontal</footprint>
      <libsource lib="Connector" part="Conn_01x03_Male" description="Generic connector, single row, 01x03, script generated (kicad-library-utils/schlib/autogen/connector/)"/>
      <property name="Sheetname" value=""/>
      <property name="Sheetfile" value="pcb.kicad_sch"/>
      <sheetpath names="/" tstamps="/"/>
      <tstamps>00000000-0000-0000-0000-000063380e2e</tstamps>
    </comp>
    <comp ref="galY1">
      <value>Conn_01x03_Male</value>
      <footprint>Connector_PinHeader_2.54mm:PinHeader_1x03_P2.54mm_Horizontal</footprint>
      <libsource lib="Connector" part="Conn_01x03_Male" description="Generic connector, single row, 01x03, script generated (kicad-library-utils/schlib/autogen/connector/)"/>
      <property name="Sheetname" value=""/>
      <property name="Sheetfile" value="pcb.kicad_sch"/>
      <sheetpath names="/" tstamps="/"/>
      <tstamps>00000000-0000-0000-0000-00006337f55d</tstamps>
    </comp>
    <comp ref="J1">
      <value>Raspberry_Pi_2_3</value>
      <footprint>Connector_PinSocket_2.54mm:PinSocket_2x20_P2.54mm_Vertical</footprint>
      <datasheet>https://www.raspberrypi.org/documentation/hardware/raspberrypi/schematics/rpi_SCH_3bplus_1p0_reduced.pdf</datasheet>
      <libsource lib="Connector" part="Raspberry_Pi_2_3" description="expansion header for Raspberry Pi 2 &amp; 3"/>
      <property name="Sheetname" value=""/>
      <property name="Sheetfile" value="pcb.kicad_sch"/>
      <sheetpath names="/" tstamps="/"/>
      <tstamps>00000000-0000-0000-0000-0000632dc07c</tstamps>
    </comp>
    <comp ref="laser1">
      <value>Conn_01x02_Male</value>
      <footprint>Connector_PinHeader_2.54mm:PinHeader_1x02_P2.54mm_Horizontal</footprint>
      <libsource lib="Connector" part="Conn_01x02_Male" description="Generic connector, single row, 01x02, script generated (kicad-library-utils/schlib/autogen/connector/)"/>
      <property name="Sheetname" value=""/>
      <property name="Sheetfile" value="pcb.kicad_sch"/>
      <sheetpath names="/" tstamps="/"/>
      <tstamps>fa4ccbba-73f0-4450-a185-80c008e5cf84</tstamps>
    </comp>
    <comp ref="R1">
      <value>1kR</value>
      <footprint>Resistor_THT:R_Axial_DIN0207_L6.3mm_D2.5mm_P10.16mm_Horizontal</footprint>
      <libsource lib="Device" part="R" description="Resistor"/>
      <property name="Sheetname" value=""/>
      <property name="Sheetfile" value="pcb.kicad_sch"/>
      <sheetpath names="/" tstamps="/"/>
      <tstamps>00000000-0000-0000-0000-0000632f1375</tstamps>
    </comp>
    <comp ref="R4">
      <value>47kR</value>
      <footprint>Resistor_THT:R_Axial_DIN0207_L6.3mm_D2.5mm_P10.16mm_Horizontal</footprint>
      <libsource lib="Device" part="R" description="Resistor"/>
      <property name="Sheetname" value=""/>
      <property name="Sheetfile" value="pcb.kicad_sch"/>
      <sheetpath names="/" tstamps="/"/>
      <tstamps>00000000-0000-0000-0000-00006330680e</tstamps>
    </comp>
    <comp ref="R5">
      <value>10kR</value>
      <footprint>Resistor_THT:R_Axial_DIN0207_L6.3mm_D2.5mm_P10.16mm_Horizontal</footprint>
      <libsource lib="Device" part="R" description="Resistor"/>
      <property name="Sheetname" value=""/>
      <property name="Sheetfile" value="pcb.kicad_sch"/>
      <sheetpath names="/" tstamps="/"/>
      <tstamps>00000000-0000-0000-0000-00006330e6bd</tstamps>
    </comp>
    <comp ref="R6">
      <value>10kR</value>
      <footprint>Resistor_THT:R_Axial_DIN0207_L6.3mm_D2.5mm_P10.16mm_Horizontal</footprint>
      <libsource lib="Device" part="R" description="Resistor"/>
      <property name="Sheetname" value=""/>
      <property name="Sheetfile" value="pcb.kicad_sch"/>
      <sheetpath names="/" tstamps="/"/>
      <tstamps>00000000-0000-0000-0000-00006330fda0</tstamps>
    </comp>
    <comp ref="R7">
      <value>1kR</value>
      <footprint>Resistor_THT:R_Axial_DIN0207_L6.3mm_D2.5mm_P10.16mm_Horizontal</footprint>
      <libsource lib="Device" part="R" description="Resistor"/>
      <property name="Sheetname" value=""/>
      <property name="Sheetfile" value="pcb.kicad_sch"/>
      <sheetpath names="/" tstamps="/"/>
      <tstamps>00000000-0000-0000-0000-000063326bad</tstamps>
    </comp>
    <comp ref="R9">
      <value>47kR</value>
      <footprint>Resistor_THT:R_Axial_DIN0207_L6.3mm_D2.5mm_P10.16mm_Horizontal</footprint>
      <libsource lib="Device" part="R" description="Resistor"/>
      <property name="Sheetname" value=""/>
      <property name="Sheetfile" value="pcb.kicad_sch"/>
      <sheetpath names="/" tstamps="/"/>
      <tstamps>00000000-0000-0000-0000-000063326bd3</tstamps>
    </comp>
    <comp ref="R11">
      <value>10kR</value>
      <footprint>Resistor_THT:R_Axial_DIN0207_L6.3mm_D2.5mm_P10.16mm_Horizontal</footprint>
      <libsource lib="Device" part="R" description="Resistor"/>
      <property name="Sheetname" value=""/>
      <property name="Sheetfile" value="pcb.kicad_sch"/>
      <sheetpath names="/" tstamps="/"/>
      <tstamps>00000000-0000-0000-0000-000063326bba</tstamps>
    </comp>
    <comp ref="R12">
      <value>10kR</value>
      <footprint>Resistor_THT:R_Axial_DIN0207_L6.3mm_D2.5mm_P10.16mm_Horizontal</footprint>
      <libsource lib="Device" part="R" description="Resistor"/>
      <property name="Sheetname" value=""/>
      <property name="Sheetfile" value="pcb.kicad_sch"/>
      <sheetpath names="/" tstamps="/"/>
      <tstamps>00000000-0000-0000-0000-000063326bc2</tstamps>
    </comp>
    <comp ref="RLED1">
      <value>510R</value>
      <footprint>Resistor_THT:R_Axial_DIN0207_L6.3mm_D2.5mm_P10.16mm_Horizontal</footprint>
      <libsource lib="Device" part="R" description="Resistor"/>
      <property name="Sheetname" value=""/>
      <property name="Sheetfile" value="pcb.kicad_sch"/>
      <sheetpath names="/" tstamps="/"/>
      <tstamps>4d94c694-7fdf-48bf-95da-376790456856</tstamps>
    </comp>
    <comp ref="U1">
      <value>MCP4822</value>
      <footprint>Package_DIP:DIP-8_W7.62mm</footprint>
      <datasheet>http://ww1.microchip.com/downloads/en/DeviceDoc/20002249B.pdf</datasheet>
      <libsource lib="Analog_DAC" part="MCP4822" description="2-Channel 12-Bit D/A Converters with SPI Interface and Internal Reference (2.048V)"/>
      <property name="Sheetname" value=""/>
      <property name="Sheetfile" value="pcb.kicad_sch"/>
      <sheetpath names="/" tstamps="/"/>
      <tstamps>00000000-0000-0000-0000-0000632dd871</tstamps>
    </comp>
    <comp ref="U2">
      <value>TL082</value>
      <footprint>Package_DIP:DIP-8_W7.62mm</footprint>
      <datasheet>http://www.ti.com/lit/ds/symlink/tl081.pdf</datasheet>
      <libsource lib="Amplifier_Operational" part="TL082" description="Dual JFET-Input Operational Amplifiers, DIP-8/SOIC-8/SSOP-8"/>
      <property name="Sheetname" value=""/>
      <property name="Sheetfile" value="pcb.kicad_sch"/>
      <sheetpath names="/" tstamps="/"/>
      <tstamps>00000000-0000-0000-0000-000063326b92 00000000-0000-0000-0000-000063326b98 00000000-0000-0000-0000-000063326b8c</tstamps>
    </comp>
    <comp ref="U3">
      <value>TL082</value>
      <footprint>Package_DIP:DIP-8_W7.62mm</footprint>
      <datasheet>http://www.ti.com/lit/ds/symlink/tl081.pdf</datasheet>
      <libsource lib="Amplifier_Operational" part="TL082" description="Dual JFET-Input Operational Amplifiers, DIP-8/SOIC-8/SSOP-8"/>
      <property name="Sheetname" value=""/>
      <property name="Sheetfile" value="pcb.kicad_sch"/>
      <sheetpath names="/" tstamps="/"/>
      <tstamps>00000000-0000-0000-0000-0000632e1ab2 00000000-0000-0000-0000-0000632e0131 00000000-0000-0000-0000-0000632debf5</tstamps>
    </comp>
    <comp ref="U4">
      <value>ASSR-1218</value>
      <footprint>Package_DIP:DIP-4_W7.62mm</footprint>
      <datasheet>https://docs.broadcom.com/docs/AV02-0173EN</datasheet>
      <libsource lib="Relay_SolidState" part="ASSR-1218" description="Form A, Solid State Relay (Photo MOSFET) 60V, 0.2A, 10Ohm, SO-4"/>
      <property name="Sheetname" value=""/>
      <property name="Sheetfile" value="pcb.kicad_sch"/>
      <sheetpath names="/" tstamps="/"/>
      <tstamps>26f010e0-a3e4-4cdb-b4ee-caa20c671d2e</tstamps>
    </comp>
    <comp ref="Vi1">
      <value>Conn_01x03_Male</value>
      <footprint>Connector_PinHeader_2.54mm:PinHeader_1x03_P2.54mm_Horizontal</footprint>
      <libsource lib="Connector" part="Conn_01x03_Male" description="Generic connector, single row, 01x03, script generated (kicad-library-utils/schlib/autogen/connector/)"/>
      <property name="Sheetname" value=""/>
      <property name="Sheetfile" value="pcb.kicad_sch"/>
      <sheetpath names="/" tstamps="/"/>
      <tstamps>00000000-0000-0000-0000-00006337af7f</tstamps>
    </comp>
    <comp ref="Xgain1">
      <value>10kR</value>
      <footprint>Potentiometer_THT:Potentiometer_Alps_RK09K_Single_Vertical</footprint>
      <libsource lib="pcb-rescue" part="R_POT-Device" description=""/>
      <property name="Sheetname" value=""/>
      <property name="Sheetfile" value="pcb.kicad_sch"/>
      <sheetpath names="/" tstamps="/"/>
      <tstamps>00000000-0000-0000-0000-000063326b9f</tstamps>
    </comp>
    <comp ref="Xoffset1">
      <value>10kR</value>
      <footprint>Potentiometer_THT:Potentiometer_Alps_RK09K_Single_Vertical</footprint>
      <libsource lib="pcb-rescue" part="R_POT-Device" description=""/>
      <property name="Sheetname" value=""/>
      <property name="Sheetfile" value="pcb.kicad_sch"/>
      <sheetpath names="/" tstamps="/"/>
      <tstamps>00000000-0000-0000-0000-000063326bb3</tstamps>
    </comp>
    <comp ref="Ygain1">
      <value>10kR</value>
      <footprint>Potentiometer_THT:Potentiometer_Alps_RK09K_Single_Vertical</footprint>
      <libsource lib="pcb-rescue" part="R_POT-Device" description=""/>
      <property name="Sheetname" value=""/>
      <property name="Sheetfile" value="pcb.kicad_sch"/>
      <sheetpath names="/" tstamps="/"/>
      <tstamps>00000000-0000-0000-0000-0000632f4eb4</tstamps>
    </comp>
    <comp ref="Yoffset1">
      <value>10kR</value>
      <footprint>Potentiometer_THT:Potentiometer_Alps_RK09K_Single_Vertical</footprint>
      <libsource lib="pcb-rescue" part="R_POT-Device" description=""/>
      <property name="Sheetname" value=""/>
      <property name="Sheetfile" value="pcb.kicad_sch"/>
      <sheetpath names="/" tstamps="/"/>
      <tstamps>00000000-0000-0000-0000-0000633048ae</tstamps>
    </comp>
  </components>
  <libparts>
    <libpart lib="Amplifier_Operational" part="TL082">
      <description>Dual JFET-Input Operational Amplifiers, DIP-8/SOIC-8/SSOP-8</description>
      <docs>http://www.ti.com/lit/ds/symlink/tl081.pdf</docs>
      <footprints>
        <fp>SOIC*3.9x4.9mm*P1.27mm*</fp>
        <fp>DIP*W7.62mm*</fp>
        <fp>TO*99*</fp>
        <fp>OnSemi*Micro8*</fp>
        <fp>TSSOP*3x3mm*P0.65mm*</fp>
        <fp>TSSOP*4.4x3mm*P0.65mm*</fp>
        <fp>MSOP*3x3mm*P0.65mm*</fp>
        <fp>SSOP*3.9x4.9mm*P0.635mm*</fp>
        <fp>LFCSP*2x2mm*P0.5mm*</fp>
        <fp>*SIP*</fp>
        <fp>SOIC*5.3x6.2mm*P1.27mm*</fp>
      </footprints>
      <fields>
        <field name="Reference">U</field>
        <field name="Value">TL082</field>
        <field name="Datasheet">http://www.ti.com/lit/ds/symlink/tl081.pdf</field>
      </fields>
      <pins>
        <pin num="1" name="" type="output"/>
        <pin num="2" name="-" type="input"/>
        <pin num="3" name="+" type="input"/>
        <pin num="4" name="V-" type="power_in"/>
        <pin num="5" name="+" type="input"/>
        <pin num="6" name="-" type="input"/>
        <pin num="7" name="" type="output"/>
        <pin num="8" name="V+" type="power_in"/>
      </pins>
    </libpart>
    <libpart lib="Analog_DAC" part="MCP4822">
      <description>2-Channel 12-Bit D/A Converters with SPI Interface and Internal Reference (2.048V)</description>
      <docs>http://ww1.microchip.com/downloads/en/DeviceDoc/20002249B.pdf</docs>
      <footprints>
        <fp>DIP*W7.62mm*</fp>
        <fp>SOIC*3.9x4.9mm*P1.27mm*</fp>
        <fp>MSOP*3x3mm*P0.65mm*</fp>
      </footprints>
      <fields>
        <field name="Reference">U</field>
        <field name="Value">MCP4822</field>
        <field name="Datasheet">http://ww1.microchip.com/downloads/en/DeviceDoc/20002249B.pdf</field>
      </fields>
      <pins>
        <pin num="1" name="Vdd" type="power_in"/>
        <pin num="2" name="~{CS}" type="input"/>
        <pin num="3" name="SCK" type="input"/>
        <pin num="4" name="SDI" type="input"/>
        <pin num="5" name="~{LDAC}" type="input"/>
        <pin num="6" name="VB" type="output"/>
        <pin num="7" name="Vss" type="power_in"/>
        <pin num="8" name="VA" type="output"/>
      </pins>
    </libpart>
    <libpart lib="Connector" part="Conn_01x02_Male">
      <description>Generic connector, single row, 01x02, script generated (kicad-library-utils/schlib/autogen/connector/)</description>
      <docs>~</docs>
      <footprints>
        <fp>Connector*:*_1x??_*</fp>
      </footprints>
      <fields>
        <field name="Reference">J</field>
        <field name="Value">Conn_01x02_Male</field>
        <field name="Datasheet">~</field>
      </fields>
      <pins>
        <pin num="1" name="Pin_1" type="passive"/>
        <pin num="2" name="Pin_2" type="passive"/>
      </pins>
    </libpart>
    <libpart lib="Connector" part="Conn_01x03_Male">
      <description>Generic connector, single row, 01x03, script generated (kicad-library-utils/schlib/autogen/connector/)</description>
      <docs>~</docs>
      <footprints>
        <fp>Connector*:*_1x??_*</fp>
      </footprints>
      <fields>
        <field name="Reference">J</field>
        <field name="Value">Conn_01x03_Male</field>
        <field name="Datasheet">~</field>
      </fields>
      <pins>
        <pin num="1" name="Pin_1" type="passive"/>
        <pin num="2" name="Pin_2" type="passive"/>
        <pin num="3" name="Pin_3" type="passive"/>
      </pins>
    </libpart>
    <libpart lib="Connector" part="Conn_01x04_Male">
      <description>Generic connector, single row, 01x04, script generated (kicad-library-utils/schlib/autogen/connector/)</description>
      <docs>~</docs>
      <footprints>
        <fp>Connector*:*_1x??_*</fp>
      </footprints>
      <fields>
        <field name="Reference">J</field>
        <field name="Value">Conn_01x04_Male</field>
        <field name="Datasheet">~</field>
      </fields>
      <pins>
        <pin num="1" name="Pin_1" type="passive"/>
        <pin num="2" name="Pin_2" type="passive"/>
        <pin num="3" name="Pin_3" type="passive"/>
        <pin num="4" name="Pin_4" type="passive"/>
      </pins>
    </libpart>
    <libpart lib="Connector" part="Raspberry_Pi_2_3">
      <description>expansion header for Raspberry Pi 2 &amp; 3</description>
      <docs>https://www.raspberrypi.org/documentation/hardware/raspberrypi/schematics/rpi_SCH_3bplus_1p0_reduced.pdf</docs>
      <footprints>
        <fp>PinHeader*2x20*P2.54mm*Vertical*</fp>
        <fp>PinSocket*2x20*P2.54mm*Vertical*</fp>
      </footprints>
      <fields>
        <field name="Reference">J</field>
        <field name="Value">Raspberry_Pi_2_3</field>
        <field name="Datasheet">https://www.raspberrypi.org/documentation/hardware/raspberrypi/schematics/rpi_SCH_3bplus_1p0_reduced.pdf</field>
      </fields>
      <pins>
        <pin num="1" name="3V3" type="power_in"/>
        <pin num="2" name="5V" type="power_in"/>
        <pin num="3" name="SDA/GPIO2" type="bidirectional"/>
        <pin num="4" name="5V" type="power_in"/>
        <pin num="5" name="SCL/GPIO3" type="bidirectional"/>
        <pin num="6" name="GND" type="power_in"/>
        <pin num="7" name="GCLK0/GPIO4" type="bidirectional"/>
        <pin num="8" name="GPIO14/TXD" type="bidirectional"/>
        <pin num="9" name="GND" type="power_in"/>
        <pin num="10" name="GPIO15/RXD" type="bidirectional"/>
        <pin num="11" name="GPIO17" type="bidirectional"/>
        <pin num="12" name="GPIO18/PWM0" type="bidirectional"/>
        <pin num="13" name="GPIO27" type="bidirectional"/>
        <pin num="14" name="GND" type="power_in"/>
        <pin num="15" name="GPIO22" type="bidirectional"/>
        <pin num="16" name="GPIO23" type="bidirectional"/>
        <pin num="17" name="3V3" type="power_in"/>
        <pin num="18" name="GPIO24" type="bidirectional"/>
        <pin num="19" name="MOSI0/GPIO10" type="bidirectional"/>
        <pin num="20" name="GND" type="power_in"/>
        <pin num="21" name="MISO0/GPIO9" type="bidirectional"/>
        <pin num="22" name="GPIO25" type="bidirectional"/>
        <pin num="23" name="SCLK0/GPIO11" type="bidirectional"/>
        <pin num="24" name="~{CE0}/GPIO8" type="bidirectional"/>
        <pin num="25" name="GND" type="power_in"/>
        <pin num="26" name="~{CE1}/GPIO7" type="bidirectional"/>
        <pin num="27" name="ID_SD/GPIO0" type="bidirectional"/>
        <pin num="28" name="ID_SC/GPIO1" type="bidirectional"/>
        <pin num="29" name="GCLK1/GPIO5" type="bidirectional"/>
        <pin num="30" name="GND" type="power_in"/>
        <pin num="31" name="GCLK2/GPIO6" type="bidirectional"/>
        <pin num="32" name="PWM0/GPIO12" type="bidirectional"/>
        <pin num="33" name="PWM1/GPIO13" type="bidirectional"/>
        <pin num="34" name="GND" type="power_in"/>
        <pin num="35" name="GPIO19/MISO1" type="bidirectional"/>
        <pin num="36" name="GPIO16" type="bidirectional"/>
        <pin num="37" name="GPIO26" type="bidirectional"/>
        <pin num="38" name="GPIO20/MOSI1" type="bidirectional"/>
        <pin num="39" name="GND" type="power_in"/>
        <pin num="40" name="GPIO21/SCLK1" type="bidirectional"/>
      </pins>
    </libpart>
    <libpart lib="Device" part="R">
      <description>Resistor</description>
      <docs>~</docs>
      <footprints>
        <fp>R_*</fp>
      </footprints>
      <fields>
        <field name="Reference">R</field>
        <field name="Value">R</field>
        <field name="Datasheet">~</field>
      </fields>
      <pins>
        <pin num="1" name="" type="passive"/>
        <pin num="2" name="" type="passive"/>
      </pins>
    </libpart>
    <libpart lib="Relay_SolidState" part="ASSR-1218">
      <description>Form A, Solid State Relay (Photo MOSFET) 60V, 0.2A, 10Ohm, SO-4</description>
      <docs>https://docs.broadcom.com/docs/AV02-0173EN</docs>
      <footprints>
        <fp>SO*4.4x4.3mm*P2.54mm*</fp>
      </footprints>
      <fields>
        <field name="Reference">U</field>
        <field name="Value">ASSR-1218</field>
        <field name="Footprint">Package_SO:SO-4_4.4x4.3mm_P2.54mm</field>
        <field name="Datasheet">https://docs.broadcom.com/docs/AV02-0173EN</field>
      </fields>
      <pins>
        <pin num="1" name="" type="passive"/>
        <pin num="2" name="" type="passive"/>
        <pin num="3" name="" type="passive"/>
        <pin num="4" name="" type="passive"/>
      </pins>
    </libpart>
    <libpart lib="pcb-rescue" part="R_POT-Device">
      <footprints>
        <fp>Potentiometer*</fp>
      </footprints>
      <fields>
        <field name="Reference">RV</field>
        <field name="Value">R_POT-Device</field>
      </fields>
      <pins>
        <pin num="1" name="1" type="passive"/>
        <pin num="2" name="2" type="passive"/>
        <pin num="3" name="3" type="passive"/>
      </pins>
    </libpart>
  </libparts>
  <libraries>
    <library logical="Amplifier_Operational">
      <uri>C:\Program Files\KiCad\6.0\share\kicad\symbols\/Amplifier_Operational.kicad_sym</uri>
    </library>
    <library logical="Analog_DAC">
      <uri>C:\Program Files\KiCad\6.0\share\kicad\symbols\/Analog_DAC.kicad_sym</uri>
    </library>
    <library logical="Connector">
      <uri>C:\Program Files\KiCad\6.0\share\kicad\symbols\/Connector.kicad_sym</uri>
    </library>
    <library logical="Device">
      <uri>C:\Program Files\KiCad\6.0\share\kicad\symbols\/Device.kicad_sym</uri>
    </library>
    <library logical="Relay_SolidState">
      <uri>C:\Program Files\KiCad\6.0\share\kicad\symbols\/Relay_SolidState.kicad_sym</uri>
    </library>
    <library logical="pcb-rescue">
      <uri>C:\Users\simon\random_code\_projects\laser_projector\pcb\kicad/pcb-rescue.lib</uri>
    </library>
  </libraries>
  <nets>
    <net code="1" name="+5V">
      <node ref="J1" pin="2" pinfunction="5V" pintype="power_in"/>
      <node ref="J1" pin="4" pinfunction="5V" pintype="power_in"/>
      <node ref="U1" pin="1" pinfunction="Vdd" pintype="power_in"/>
    </net>
    <net code="2" name="+15V">
      <node ref="R4" pin="1" pintype="passive"/>
      <node ref="R9" pin="1" pintype="passive"/>
      <node ref="U2" pin="8" pinfunction="V+" pintype="power_in"/>
      <node ref="U3" pin="8" pinfunction="V+" pintype="power_in"/>
      <node ref="Vi1" pin="1" pinfunction="Pin_1" pintype="passive"/>
    </net>
    <net code="3" name="-15V">
      <node ref="U2" pin="4" pinfunction="V-" pintype="power_in"/>
      <node ref="U3" pin="4" pinfunction="V-" pintype="power_in"/>
      <node ref="Vi1" pin="3" pinfunction="Pin_3" pintype="passive"/>
    </net>
    <net code="6" name="Earth">
      <node ref="J1" pin="13" pinfunction="GPIO27" pintype="bidirectional"/>
      <node ref="J1" pin="39" pinfunction="GND" pintype="power_in"/>
      <node ref="J1" pin="6" pinfunction="GND" pintype="power_in"/>
      <node ref="U1" pin="5" pinfunction="~{LDAC}" pintype="input"/>
      <node ref="U1" pin="7" pinfunction="Vss" pintype="power_in"/>
      <node ref="U2" pin="5" pinfunction="+" pintype="input"/>
      <node ref="U3" pin="5" pinfunction="+" pintype="input"/>
      <node ref="U4" pin="2" pintype="passive"/>
      <node ref="Vi1" pin="2" pinfunction="Pin_2" pintype="passive"/>
      <node ref="Xoffset1" pin="3" pinfunction="3" pintype="passive"/>
      <node ref="Yoffset1" pin="3" pinfunction="3" pintype="passive"/>
      <node ref="buttons1" pin="4" pinfunction="Pin_4" pintype="passive"/>
      <node ref="galX1" pin="2" pinfunction="Pin_2" pintype="passive"/>
      <node ref="galY1" pin="2" pinfunction="Pin_2" pintype="passive"/>
    </net>
    <net code="7" name="Net-(J1-Pad11)">
      <node ref="J1" pin="11" pinfunction="GPIO17" pintype="bidirectional"/>
      <node ref="RLED1" pin="1" pintype="passive"/>
    </net>
    <net code="8" name="Net-(J1-Pad19)">
      <node ref="J1" pin="19" pinfunction="MOSI0/GPIO10" pintype="bidirectional"/>
      <node ref="U1" pin="4" pinfunction="SDI" pintype="input"/>
    </net>
    <net code="9" name="Net-(J1-Pad23)">
      <node ref="J1" pin="23" pinfunction="SCLK0/GPIO11" pintype="bidirectional"/>
      <node ref="U1" pin="3" pinfunction="SCK" pintype="input"/>
    </net>
    <net code="10" name="Net-(J1-Pad26)">
      <node ref="J1" pin="26" pinfunction="~{CE1}/GPIO7" pintype="bidirectional"/>
      <node ref="U1" pin="2" pinfunction="~{CS}" pintype="input"/>
    </net>
    <net code="11" name="Net-(J1-Pad29)">
      <node ref="J1" pin="29" pinfunction="GCLK1/GPIO5" pintype="bidirectional"/>
      <node ref="buttons1" pin="1" pinfunction="Pin_1" pintype="passive"/>
    </net>
    <net code="12" name="Net-(J1-Pad31)">
      <node ref="J1" pin="31" pinfunction="GCLK2/GPIO6" pintype="bidirectional"/>
      <node ref="buttons1" pin="2" pinfunction="Pin_2" pintype="passive"/>
    </net>
    <net code="13" name="Net-(J1-Pad37)">
      <node ref="J1" pin="37" pinfunction="GPIO26" pintype="bidirectional"/>
      <node ref="buttons1" pin="3" pinfunction="Pin_3" pintype="passive"/>
    </net>
    <net code="14" name="Net-(R1-Pad1)">
      <node ref="R1" pin="1" pintype="passive"/>
      <node ref="U3" pin="2" pinfunction="-" pintype="input"/>
      <node ref="Ygain1" pin="1" pinfunction="1" pintype="passive"/>
    </net>
    <net code="15" name="Net-(R1-Pad2)">
      <node ref="R1" pin="2" pintype="passive"/>
      <node ref="U1" pin="6" pinfunction="VB" pintype="output"/>
    </net>
    <net code="16" name="Net-(R4-Pad2)">
      <node ref="R4" pin="2" pintype="passive"/>
      <node ref="Yoffset1" pin="1" pinfunction="1" pintype="passive"/>
    </net>
    <net code="17" name="Net-(R5-Pad1)">
      <node ref="R5" pin="1" pintype="passive"/>
      <node ref="R6" pin="2" pintype="passive"/>
      <node ref="U3" pin="6" pinfunction="-" pintype="input"/>
    </net>
    <net code="18" name="Net-(R5-Pad2)">
      <node ref="R5" pin="2" pintype="passive"/>
      <node ref="U3" pin="1" pintype="output"/>
      <node ref="Ygain1" pin="2" pinfunction="2" pintype="passive"/>
      <node ref="galY1" pin="3" pinfunction="Pin_3" pintype="passive"/>
    </net>
    <net code="19" name="Net-(R6-Pad1)">
      <node ref="R6" pin="1" pintype="passive"/>
      <node ref="U3" pin="7" pintype="output"/>
      <node ref="galY1" pin="1" pinfunction="Pin_1" pintype="passive"/>
    </net>
    <net code="20" name="Net-(R7-Pad1)">
      <node ref="R7" pin="1" pintype="passive"/>
      <node ref="U2" pin="2" pinfunction="-" pintype="input"/>
      <node ref="Xgain1" pin="1" pinfunction="1" pintype="passive"/>
    </net>
    <net code="21" name="Net-(R7-Pad2)">
      <node ref="R7" pin="2" pintype="passive"/>
      <node ref="U1" pin="8" pinfunction="VA" pintype="output"/>
    </net>
    <net code="22" name="Net-(R9-Pad2)">
      <node ref="R9" pin="2" pintype="passive"/>
      <node ref="Xoffset1" pin="1" pinfunction="1" pintype="passive"/>
    </net>
    <net code="23" name="Net-(R11-Pad1)">
      <node ref="R11" pin="1" pintype="passive"/>
      <node ref="R12" pin="2" pintype="passive"/>
      <node ref="U2" pin="6" pinfunction="-" pintype="input"/>
    </net>
    <net code="24" name="Net-(R11-Pad2)">
      <node ref="R11" pin="2" pintype="passive"/>
      <node ref="U2" pin="1" pintype="output"/>
      <node ref="Xgain1" pin="2" pinfunction="2" pintype="passive"/>
      <node ref="galX1" pin="3" pinfunction="Pin_3" pintype="passive"/>
    </net>
    <net code="25" name="Net-(R12-Pad1)">
      <node ref="R12" pin="1" pintype="passive"/>
      <node ref="U2" pin="7" pintype="output"/>
      <node ref="galX1" pin="1" pinfunction="Pin_1" pintype="passive"/>
    </net>
    <net code="26" name="Net-(RLED1-Pad2)">
      <node ref="RLED1" pin="2" pintype="passive"/>
      <node ref="U4" pin="1" pintype="passive"/>
    </net>
    <net code="27" name="Net-(U2-Pad3)">
      <node ref="U2" pin="3" pinfunction="+" pintype="input"/>
      <node ref="Xoffset1" pin="2" pinfunction="2" pintype="passive"/>
    </net>
    <net code="28" name="Net-(U3-Pad3)">
      <node ref="U3" pin="3" pinfunction="+" pintype="input"/>
      <node ref="Yoffset1" pin="2" pinfunction="2" pintype="passive"/>
    </net>
    <net code="29" name="Net-(U4-Pad3)">
      <node ref="U4" pin="3" pintype="passive"/>
      <node ref="laser1" pin="2" pinfunction="Pin_2" pintype="passive"/>
    </net>
    <net code="30" name="Net-(U4-Pad4)">
      <node ref="U4" pin="4" pintype="passive"/>
      <node ref="laser1" pin="1" pinfunction="Pin_1" pintype="passive"/>
    </net>
    <net code="31" name="unconnected-(J1-Pad1)">
      <node ref="J1" pin="1" pinfunction="3V3" pintype="power_in"/>
    </net>
    <net code="32" name="unconnected-(J1-Pad3)">
      <node ref="J1" pin="3" pinfunction="SDA/GPIO2" pintype="bidirectional"/>
    </net>
    <net code="33" name="unconnected-(J1-Pad5)">
      <node ref="J1" pin="5" pinfunction="SCL/GPIO3" pintype="bidirectional"/>
    </net>
    <net code="34" name="unconnected-(J1-Pad7)">
      <node ref="J1" pin="7" pinfunction="GCLK0/GPIO4" pintype="bidirectional"/>
    </net>
    <net code="35" name="unconnected-(J1-Pad8)">
      <node ref="J1" pin="8" pinfunction="GPIO14/TXD" pintype="bidirectional"/>
    </net>
    <net code="36" name="unconnected-(J1-Pad9)">
      <node ref="J1" pin="9" pinfunction="GND" pintype="power_in"/>
    </net>
    <net code="37" name="unconnected-(J1-Pad10)">
      <node ref="J1" pin="10" pinfunction="GPIO15/RXD" pintype="bidirectional"/>
    </net>
    <net code="38" name="unconnected-(J1-Pad12)">
      <node ref="J1" pin="12" pinfunction="GPIO18/PWM0" pintype="bidirectional"/>
    </net>
    <net code="39" name="unconnected-(J1-Pad14)">
      <node ref="J1" pin="14" pinfunction="GND" pintype="power_in"/>
    </net>
    <net code="40" name="unconnected-(J1-Pad15)">
      <node ref="J1" pin="15" pinfunction="GPIO22" pintype="bidirectional"/>
    </net>
    <net code="41" name="unconnected-(J1-Pad16)">
      <node ref="J1" pin="16" pinfunction="GPIO23" pintype="bidirectional"/>
    </net>
    <net code="42" name="unconnected-(J1-Pad17)">
      <node ref="J1" pin="17" pinfunction="3V3" pintype="power_in"/>
    </net>
    <net code="43" name="unconnected-(J1-Pad18)">
      <node ref="J1" pin="18" pinfunction="GPIO24" pintype="bidirectional"/>
    </net>
    <net code="44" name="unconnected-(J1-Pad20)">
      <node ref="J1" pin="20" pinfunction="GND" pintype="power_in"/>
    </net>
    <net code="45" name="unconnected-(J1-Pad21)">
      <node ref="J1" pin="21" pinfunction="MISO0/GPIO9" pintype="bidirectional"/>
    </net>
    <net code="46" name="unconnected-(J1-Pad22)">
      <node ref="J1" pin="22" pinfunction="GPIO25" pintype="bidirectional"/>
    </net>
    <net code="47" name="unconnected-(J1-Pad24)">
      <node ref="J1" pin="24" pinfunction="~{CE0}/GPIO8" pintype="bidirectional"/>
    </net>
    <net code="48" name="unconnected-(J1-Pad25)">
      <node ref="J1" pin="25" pinfunction="GND" pintype="power_in"/>
    </net>
    <net code="49" name="unconnected-(J1-Pad27)">
      <node ref="J1" pin="27" pinfunction="ID_SD/GPIO0" pintype="bidirectional"/>
    </net>
    <net code="50" name="unconnected-(J1-Pad28)">
      <node ref="J1" pin="28" pinfunction="ID_SC/GPIO1" pintype="bidirectional"/>
    </net>
    <net code="51" name="unconnected-(J1-Pad30)">
      <node ref="J1" pin="30" pinfunction="GND" pintype="power_in"/>
    </net>
    <net code="52" name="unconnected-(J1-Pad32)">
      <node ref="J1" pin="32" pinfunction="PWM0/GPIO12" pintype="bidirectional"/>
    </net>
    <net code="53" name="unconnected-(J1-Pad33)">
      <node ref="J1" pin="33" pinfunction="PWM1/GPIO13" pintype="bidirectional"/>
    </net>
    <net code="54" name="unconnected-(J1-Pad34)">
      <node ref="J1" pin="34" pinfunction="GND" pintype="power_in"/>
    </net>
    <net code="55" name="unconnected-(J1-Pad35)">
      <node ref="J1" pin="35" pinfunction="GPIO19/MISO1" pintype="bidirectional"/>
    </net>
    <net code="56" name="unconnected-(J1-Pad36)">
      <node ref="J1" pin="36" pinfunction="GPIO16" pintype="bidirectional"/>
    </net>
    <net code="57" name="unconnected-(J1-Pad38)">
      <node ref="J1" pin="38" pinfunction="GPIO20/MOSI1" pintype="bidirectional"/>
    </net>
    <net code="58" name="unconnected-(J1-Pad40)">
      <node ref="J1" pin="40" pinfunction="GPIO21/SCLK1" pintype="bidirectional"/>
    </net>
    <net code="59" name="unconnected-(Xgain1-Pad3)">
      <node ref="Xgain1" pin="3" pinfunction="3" pintype="passive"/>
    </net>
    <net code="60" name="unconnected-(Ygain1-Pad3)">
      <node ref="Ygain1" pin="3" pinfunction="3" pintype="passive"/>
    </net>
  </nets>
</export>
